data_set,nof_rows,nof_col,nof_num_features,nof_cat_features,nof_pos,pos_ratio,use_case,origin,LENC_nof_bin_cols,LENC-XGB_runtime,LENC-XGB_acc,LENC-XGB_adj_bal_acc,LENC-XGB_recall,LENC-XGB_precision,LENC-XGB_f2,LENC-XGB_f,LENC-CART:4_runtime,LENC-CART:4_acc,LENC-CART:4_adj_bal_acc,LENC-CART:4_recall,LENC-CART:4_precision,LENC-CART:4_f2,LENC-CART:4_f,LENC-CART:4_nof_rules,LENC-CART:4_sum_preds,LENC-CART:4_max_preds,LENC-CART:4_avg_preds,LENC-CART:6_runtime,LENC-CART:6_acc,LENC-CART:6_adj_bal_acc,LENC-CART:6_recall,LENC-CART:6_precision,LENC-CART:6_f2,LENC-CART:6_f,LENC-CART:6_nof_rules,LENC-CART:6_sum_preds,LENC-CART:6_max_preds,LENC-CART:6_avg_preds,LENC-CART:*_runtime,LENC-CART:*_acc,LENC-CART:*_adj_bal_acc,LENC-CART:*_recall,LENC-CART:*_precision,LENC-CART:*_f2,LENC-CART:*_f,LENC-CART:*_nof_rules,LENC-CART:*_sum_preds,LENC-CART:*_max_preds,LENC-CART:*_avg_preds,TREES_nof_bin_cols,TREES-BRCG_runtime,TREES-BRCG_acc,TREES-BRCG_adj_bal_acc,TREES-BRCG_recall,TREES-BRCG_precision,TREES-BRCG_f2,TREES-BRCG_f,TREES-BRCG_nof_rules,TREES-BRCG_sum_preds,TREES-BRCG_max_preds,TREES-BRCG_avg_preds,NATIVE_nof_bin_cols,NATIVE-RIPPER_runtime,NATIVE-RIPPER_acc,NATIVE-RIPPER_adj_bal_acc,NATIVE-RIPPER_recall,NATIVE-RIPPER_precision,NATIVE-RIPPER_f2,NATIVE-RIPPER_f,NATIVE-RIPPER_nof_rules,NATIVE-RIPPER_sum_preds,NATIVE-RIPPER_max_preds,NATIVE-RIPPER_avg_preds,NATIVE-RIPPER2_runtime,NATIVE-RIPPER2_acc,NATIVE-RIPPER2_adj_bal_acc,NATIVE-RIPPER2_recall,NATIVE-RIPPER2_precision,NATIVE-RIPPER2_f2,NATIVE-RIPPER2_f,NATIVE-RIPPER2_nof_rules,NATIVE-RIPPER2_sum_preds,NATIVE-RIPPER2_max_preds,NATIVE-RIPPER2_avg_preds,NATIVE-RIPPER3_runtime,NATIVE-RIPPER3_acc,NATIVE-RIPPER3_adj_bal_acc,NATIVE-RIPPER3_recall,NATIVE-RIPPER3_precision,NATIVE-RIPPER3_f2,NATIVE-RIPPER3_f,NATIVE-RIPPER3_nof_rules,NATIVE-RIPPER3_sum_preds,NATIVE-RIPPER3_max_preds,NATIVE-RIPPER3_avg_preds,TREES-CORELS_runtime,TREES-CORELS_acc,TREES-CORELS_adj_bal_acc,TREES-CORELS_recall,TREES-CORELS_precision,TREES-CORELS_f2,TREES-CORELS_f,TREES-CORELS_nof_rules,TREES-CORELS_sum_preds,TREES-CORELS_max_preds,TREES-CORELS_avg_preds,TREES-BRCG2_runtime,TREES-BRCG2_acc,TREES-BRCG2_adj_bal_acc,TREES-BRCG2_recall,TREES-BRCG2_precision,TREES-BRCG2_f2,TREES-BRCG2_f,TREES-BRCG2_nof_rules,TREES-BRCG2_sum_preds,TREES-BRCG2_max_preds,TREES-BRCG2_avg_preds,TREES2_nof_bin_cols,TREES2-BRCG2_runtime,TREES2-BRCG2_acc,TREES2-BRCG2_adj_bal_acc,TREES2-BRCG2_recall,TREES2-BRCG2_precision,TREES2-BRCG2_f2,TREES2-BRCG2_f,TREES2-BRCG2_nof_rules,TREES2-BRCG2_sum_preds,TREES2-BRCG2_max_preds,TREES2-BRCG2_avg_preds,TREES2-BRCG_runtime,TREES2-BRCG_acc,TREES2-BRCG_adj_bal_acc,TREES2-BRCG_recall,TREES2-BRCG_precision,TREES2-BRCG_f2,TREES2-BRCG_f,TREES2-BRCG_nof_rules,TREES2-BRCG_sum_preds,TREES2-BRCG_max_preds,TREES2-BRCG_avg_preds,QUANTILE_nof_bin_cols,QUANTILE-BRCG_runtime,QUANTILE-BRCG_acc,QUANTILE-BRCG_adj_bal_acc,QUANTILE-BRCG_recall,QUANTILE-BRCG_precision,QUANTILE-BRCG_f2,QUANTILE-BRCG_f,QUANTILE-BRCG_nof_rules,QUANTILE-BRCG_sum_preds,QUANTILE-BRCG_max_preds,QUANTILE-BRCG_avg_preds,NATIVE-R2N_runtime,NATIVE-R2N_acc,NATIVE-R2N_adj_bal_acc,NATIVE-R2N_recall,NATIVE-R2N_precision,NATIVE-R2N_f2,NATIVE-R2N_f,NATIVE-R2N_nof_rules,NATIVE-R2N_sum_preds,NATIVE-R2N_max_preds,NATIVE-R2N_avg_preds,QUANTILE-BRCG2_runtime,QUANTILE-BRCG2_acc,QUANTILE-BRCG2_adj_bal_acc,QUANTILE-BRCG2_recall,QUANTILE-BRCG2_precision,QUANTILE-BRCG2_f2,QUANTILE-BRCG2_f,QUANTILE-BRCG2_nof_rules,QUANTILE-BRCG2_sum_preds,QUANTILE-BRCG2_max_preds,QUANTILE-BRCG2_avg_preds,QUANTILE-RIPPER_runtime,QUANTILE-RIPPER_acc,QUANTILE-RIPPER_adj_bal_acc,QUANTILE-RIPPER_recall,QUANTILE-RIPPER_precision,QUANTILE-RIPPER_f2,QUANTILE-RIPPER_f,QUANTILE-RIPPER_nof_rules,QUANTILE-RIPPER_sum_preds,QUANTILE-RIPPER_max_preds,QUANTILE-RIPPER_avg_preds,QUANTILE-CORELS_runtime,QUANTILE-CORELS_acc,QUANTILE-CORELS_adj_bal_acc,QUANTILE-CORELS_recall,QUANTILE-CORELS_precision,QUANTILE-CORELS_f2,QUANTILE-CORELS_f,QUANTILE-CORELS_nof_rules,QUANTILE-CORELS_sum_preds,QUANTILE-CORELS_max_preds,QUANTILE-CORELS_avg_preds,TREES-CORELS2_runtime,TREES-CORELS2_acc,TREES-CORELS2_adj_bal_acc,TREES-CORELS2_recall,TREES-CORELS2_precision,TREES-CORELS2_f2,TREES-CORELS2_f,TREES-CORELS2_nof_rules,TREES-CORELS2_sum_preds,TREES-CORELS2_max_preds,TREES-CORELS2_avg_preds,TREES2-CORELS2_runtime,TREES2-CORELS2_acc,TREES2-CORELS2_adj_bal_acc,TREES2-CORELS2_recall,TREES2-CORELS2_precision,TREES2-CORELS2_f2,TREES2-CORELS2_f,TREES2-CORELS2_nof_rules,TREES2-CORELS2_sum_preds,TREES2-CORELS2_max_preds,TREES2-CORELS2_avg_preds,BRSPREP_nof_bin_cols,BRSPREP-BRS_runtime,BRSPREP-BRS_acc,BRSPREP-BRS_adj_bal_acc,BRSPREP-BRS_recall,BRSPREP-BRS_precision,BRSPREP-BRS_f2,BRSPREP-BRS_f,BRSPREP-BRS_nof_rules,BRSPREP-BRS_sum_preds,BRSPREP-BRS_max_preds,BRSPREP-BRS_avg_preds,BRSPREP-BRS2_runtime,BRSPREP-BRS2_acc,BRSPREP-BRS2_adj_bal_acc,BRSPREP-BRS2_recall,BRSPREP-BRS2_precision,BRSPREP-BRS2_f2,BRSPREP-BRS2_f,BRSPREP-BRS2_nof_rules,BRSPREP-BRS2_sum_preds,BRSPREP-BRS2_max_preds,BRSPREP-BRS2_avg_preds,TREES-RIPPER_runtime,TREES-RIPPER_acc,TREES-RIPPER_adj_bal_acc,TREES-RIPPER_recall,TREES-RIPPER_precision,TREES-RIPPER_f2,TREES-RIPPER_f,TREES-RIPPER_nof_rules,TREES-RIPPER_sum_preds,TREES-RIPPER_max_preds,TREES-RIPPER_avg_preds,QUANTILE-BRCGexception,NATIVE-R2Nexception,QUANTILE-BRCG2exception,QUANTILE-RIPPERexception,QUANTILE-CORELSexception,NATIVE-CONST_runtime,NATIVE-CONST_acc,NATIVE-CONST_adj_bal_acc,NATIVE-CONST_recall,NATIVE-CONST_precision,NATIVE-CONST_f2,NATIVE-CONST_f,NATIVE-CONST_nof_rules,NATIVE-CONST_sum_preds,NATIVE-CONST_max_preds,NATIVE-CONST_avg_preds,NATIVE-CONST2_runtime,NATIVE-CONST2_acc,NATIVE-CONST2_adj_bal_acc,NATIVE-CONST2_recall,NATIVE-CONST2_precision,NATIVE-CONST2_f2,NATIVE-CONST2_f,NATIVE-CONST2_nof_rules,NATIVE-CONST2_sum_preds,NATIVE-CONST2_max_preds,NATIVE-CONST2_avg_preds,IGPREP_nof_bin_cols,IGPREP-IGUANAS1_runtime,IGPREP-IGUANAS1_acc,IGPREP-IGUANAS1_adj_bal_acc,IGPREP-IGUANAS1_recall,IGPREP-IGUANAS1_precision,IGPREP-IGUANAS1_f2,IGPREP-IGUANAS1_f,IGPREP-IGUANAS1_nof_rules,IGPREP-IGUANAS1_sum_preds,IGPREP-IGUANAS1_max_preds,IGPREP-IGUANAS1_avg_preds,IGPREP-IGUANAS2_runtime,IGPREP-IGUANAS2_acc,IGPREP-IGUANAS2_adj_bal_acc,IGPREP-IGUANAS2_recall,IGPREP-IGUANAS2_precision,IGPREP-IGUANAS2_f2,IGPREP-IGUANAS2_f,IGPREP-IGUANAS2_nof_rules,IGPREP-IGUANAS2_sum_preds,IGPREP-IGUANAS2_max_preds,IGPREP-IGUANAS2_avg_preds,IGPREP-IGUANAS3_runtime,IGPREP-IGUANAS3_acc,IGPREP-IGUANAS3_adj_bal_acc,IGPREP-IGUANAS3_recall,IGPREP-IGUANAS3_precision,IGPREP-IGUANAS3_f2,IGPREP-IGUANAS3_f,IGPREP-IGUANAS3_nof_rules,IGPREP-IGUANAS3_sum_preds,IGPREP-IGUANAS3_max_preds,IGPREP-IGUANAS3_avg_preds,IGPREP-IGUANAS4_runtime,IGPREP-IGUANAS4_acc,IGPREP-IGUANAS4_adj_bal_acc,IGPREP-IGUANAS4_recall,IGPREP-IGUANAS4_precision,IGPREP-IGUANAS4_f2,IGPREP-IGUANAS4_f,IGPREP-IGUANAS4_nof_rules,IGPREP-IGUANAS4_sum_preds,IGPREP-IGUANAS4_max_preds,IGPREP-IGUANAS4_avg_preds,IGPREP-IGUANAS5_runtime,IGPREP-IGUANAS5_acc,IGPREP-IGUANAS5_adj_bal_acc,IGPREP-IGUANAS5_recall,IGPREP-IGUANAS5_precision,IGPREP-IGUANAS5_f2,IGPREP-IGUANAS5_f,IGPREP-IGUANAS5_nof_rules,IGPREP-IGUANAS5_sum_preds,IGPREP-IGUANAS5_max_preds,IGPREP-IGUANAS5_avg_preds,IGPREP-IGUANAS6_runtime,IGPREP-IGUANAS6_acc,IGPREP-IGUANAS6_adj_bal_acc,IGPREP-IGUANAS6_recall,IGPREP-IGUANAS6_precision,IGPREP-IGUANAS6_f2,IGPREP-IGUANAS6_f,IGPREP-IGUANAS6_nof_rules,IGPREP-IGUANAS6_sum_preds,IGPREP-IGUANAS6_max_preds,IGPREP-IGUANAS6_avg_preds,IGPREP-IGUANAS7_runtime,IGPREP-IGUANAS7_acc,IGPREP-IGUANAS7_adj_bal_acc,IGPREP-IGUANAS7_recall,IGPREP-IGUANAS7_precision,IGPREP-IGUANAS7_f2,IGPREP-IGUANAS7_f,IGPREP-IGUANAS7_nof_rules,IGPREP-IGUANAS7_sum_preds,IGPREP-IGUANAS7_max_preds,IGPREP-IGUANAS7_avg_preds,IGPREP-IGUANAS8_runtime,IGPREP-IGUANAS8_acc,IGPREP-IGUANAS8_adj_bal_acc,IGPREP-IGUANAS8_recall,IGPREP-IGUANAS8_precision,IGPREP-IGUANAS8_f2,IGPREP-IGUANAS8_f,IGPREP-IGUANAS8_nof_rules,IGPREP-IGUANAS8_sum_preds,IGPREP-IGUANAS8_max_preds,IGPREP-IGUANAS8_avg_preds,IGPREP-IGUANAS9_runtime,IGPREP-IGUANAS9_adj_bal_acc,IGPREP-IGUANAS9_f2,IGPREP-IGUANAS9_acc,IGPREP-IGUANAS9_recall,IGPREP-IGUANAS9_precision,IGPREP-IGUANASOPT_runtime,IGPREP-IGUANASOPT_acc,IGPREP-IGUANASOPT_adj_bal_acc,IGPREP-IGUANASOPT_recall,IGPREP-IGUANASOPT_precision,IGPREP-IGUANASOPT_f2,IGPREP-IGUANASOPT_f,IGPREP-IGUANASOPT_nof_rules,IGPREP-IGUANASOPT_sum_preds,IGPREP-IGUANASOPT_max_preds,IGPREP-IGUANASOPT_avg_preds,IGPREP-IGUANASOPTCV_runtime,IGPREP-IGUANASOPTCV_acc,IGPREP-IGUANASOPTCV_adj_bal_acc,IGPREP-IGUANASOPTCV_recall,IGPREP-IGUANASOPTCV_precision,IGPREP-IGUANASOPTCV_f2,IGPREP-IGUANASOPTCV_f,IGPREP-IGUANASOPTCV_nof_rules,IGPREP-IGUANASOPTCV_sum_preds,IGPREP-IGUANASOPTCV_max_preds,IGPREP-IGUANASOPTCV_avg_preds,IGPREP-IGUANAS9_f,IGPREP-IGUANAS9_nof_rules,IGPREP-IGUANAS9_sum_preds,IGPREP-IGUANAS9_max_preds,IGPREP-IGUANAS9_avg_preds,IGPREP-IGUANASLP_runtime,IGPREP-IGUANASLP_acc,IGPREP-IGUANASLP_adj_bal_acc,IGPREP-IGUANASLP_recall,IGPREP-IGUANASLP_precision,IGPREP-IGUANASLP_f2,IGPREP-IGUANASLP_f,IGPREP-IGUANASLP_nof_rules,IGPREP-IGUANASLP_sum_preds,IGPREP-IGUANASLP_max_preds,IGPREP-IGUANASLP_avg_preds,IGPREP-IGUANASLP10_runtime,IGPREP-IGUANASLP10_acc,IGPREP-IGUANASLP10_adj_bal_acc,IGPREP-IGUANASLP10_recall,IGPREP-IGUANASLP10_precision,IGPREP-IGUANASLP10_f2,IGPREP-IGUANASLP10_f,IGPREP-IGUANASLP10_nof_rules,IGPREP-IGUANASLP10_sum_preds,IGPREP-IGUANASLP10_max_preds,IGPREP-IGUANASLP10_avg_preds,IGPREP-IGUANASLP100_runtime,IGPREP-IGUANASLP100_acc,IGPREP-IGUANASLP100_adj_bal_acc,IGPREP-IGUANASLP100_recall,IGPREP-IGUANASLP100_precision,IGPREP-IGUANASLP100_f2,IGPREP-IGUANASLP100_f,IGPREP-IGUANASLP100_nof_rules,IGPREP-IGUANASLP100_sum_preds,IGPREP-IGUANASLP100_max_preds,IGPREP-IGUANASLP100_avg_preds
german_credit,1000,21,7,13,300,0.3,credit,organic,20.0,0.19,0.73,0.28,0.44,0.51,0.45,0.47,0.01,0.74,0.32,0.49,0.53,0.5,0.51,5.0,20.0,4.0,4.0,0.01,0.76,0.36,0.5,0.58,0.51,0.54,20.0,115.0,6.0,5.75,0.01,0.67,0.23,0.49,0.42,0.47,0.45,68.0,594.0,14.0,8.74,26.0,3.11,0.74,0.19,0.26,0.58,0.29,0.36,4.0,14.0,6.0,3.5,20.0,0.03,0.72,0.0,0.0,1.0,0.0,0.0,0.0,0.0,0.0,0.0,0.03,0.72,0.0,0.0,1.0,0.0,0.0,0.0,0.0,0.0,0.0,0.29,0.7,0.14,0.27,0.45,0.3,0.34,15.0,49.0,7.0,3.27,0.1,0.72,0.1,0.17,0.48,0.19,0.25,1.0,2.0,2.0,2.0,3.86,0.73,0.13,0.19,0.55,0.22,0.28,9.0,34.0,9.0,3.78,48.0,14.12,0.74,0.27,0.4,0.54,0.43,0.46,27.0,95.0,7.0,3.52,4.19,0.71,0.13,0.23,0.48,0.25,0.31,4.0,14.0,6.0,3.5,174.0,16.0,0.71,0.18,0.32,0.47,0.34,0.38,11.0,38.0,5.0,3.45,16.25,0.72,0.0,0.0,1.0,0.0,0.0,3.0,19.0,9.0,6.33,13.37,0.72,0.35,0.56,0.51,0.55,0.53,24.0,115.0,10.0,4.79,0.44,0.73,0.06,0.07,0.75,0.09,0.13,1.0,4.0,4.0,4.0,0.56,0.72,0.1,0.17,0.48,0.19,0.25,1.0,2.0,2.0,2.0,0.2,0.73,0.11,0.15,0.57,0.18,0.24,1.0,3.0,3.0,3.0,0.83,0.75,0.25,0.35,0.58,0.38,0.43,1.0,3.0,3.0,3.0,20.0,5.83,0.71,0.03,0.06,0.42,0.07,0.1,1.0,3.0,3.0,3.0,6.47,0.74,0.1,0.13,0.65,0.16,0.22,1.0,3.0,3.0,3.0,,,,,,,,,,,,,,,,,0.0,0.28,0.0,1.0,0.28,0.66,0.44,0.0,0.0,0.0,0.0,0.0,0.72,0.0,0.0,1.0,0.0,0.0,0.0,0.0,0.0,0.0,20,0.84,0.28,0.0,1.0,0.28,0.66,0.44,693.0,2029.0,3.0,2.93,0.4,0.33,0.06,0.99,0.29,0.67,0.45,258.0,745.0,3.0,2.89,0.15,0.73,0.13,0.19,0.55,0.22,0.28,9.0,23.0,3.0,2.56,0.17,0.28,0.0,1.0,0.28,0.66,0.44,130.0,381.0,3.0,2.93,0.1,0.49,0.21,0.88,0.34,0.67,0.49,50.0,145.0,3.0,2.9,0.05,0.72,0.04,0.06,0.5,0.07,0.11,2.0,5.0,3.0,2.5,0.03,0.28,-0.01,0.99,0.28,0.65,0.43,7.0,21.0,3.0,3.0,0.02,0.72,0.07,0.11,0.5,0.13,0.18,3.0,9.0,3.0,3.0,-1.0,,,,,,12.92,0.66,0.25,0.54,0.42,0.51,0.47,39.0,110.0,3.0,2.82,62.04,0.6,0.35,0.83,0.4,0.68,0.54,14.0,41.0,3.0,2.93,,,,,,0.71,0.64,0.39,0.84,0.46,0.72,0.59,2.0,2.0,1.0,1.0,2.68,0.4,0.09,0.95,0.34,0.69,0.5,16,25,3,1.56,111.92,0.31,0.0,1.0,0.31,0.7,0.48,160,289,3,1.81
taiwan_credit,30000,24,14,9,6636,0.2212,credit,organic,23.0,0.84,0.81,0.29,0.35,0.64,0.39,0.45,0.13,0.82,0.27,0.3,0.74,0.34,0.43,3.0,12.0,4.0,4.0,0.17,0.82,0.27,0.31,0.71,0.35,0.43,19.0,113.0,6.0,5.95,0.36,0.72,0.21,0.4,0.38,0.39,0.39,1573.0,26996.0,37.0,17.16,26.0,2.61,0.82,0.27,0.31,0.72,0.35,0.43,2.0,2.0,1.0,1.0,23.0,5.64,0.82,0.29,0.34,0.68,0.38,0.45,13.0,54.0,6.0,4.15,5.75,0.82,0.29,0.34,0.68,0.38,0.45,13.0,54.0,6.0,4.15,5.84,0.82,0.29,0.34,0.68,0.38,0.45,13.0,54.0,6.0,4.15,1.67,0.82,0.27,0.31,0.72,0.35,0.43,2.0,4.0,2.0,2.0,6.31,0.82,0.27,0.3,0.74,0.34,0.42,2.0,4.0,3.0,2.0,52.0,8.19,0.82,0.27,0.3,0.73,0.34,0.43,2.0,3.0,2.0,1.5,3.34,0.82,0.27,0.31,0.72,0.35,0.43,2.0,2.0,1.0,1.0,396.0,34.42,0.81,0.24,0.27,0.71,0.31,0.39,1.0,1.0,1.0,1.0,568.03,0.82,0.27,0.31,0.72,0.35,0.43,2.0,2.0,1.0,1.0,75.84,0.82,0.26,0.29,0.74,0.33,0.41,2.0,4.0,2.0,2.0,57.23,0.81,0.31,0.37,0.65,0.41,0.47,15.0,77.0,8.0,5.13,58.94,0.82,0.27,0.31,0.72,0.35,0.43,2.0,4.0,2.0,2.0,3.19,0.82,0.29,0.33,0.71,0.37,0.45,3.0,6.0,2.0,2.0,27.04,0.82,0.27,0.31,0.72,0.35,0.43,2.0,4.0,2.0,2.0,23.0,28870.16,0.81,0.33,0.39,0.64,0.43,0.49,6.0,18.0,3.0,3.0,,,,,,,,,,,,0.41,0.78,0.0,0.0,1.0,0.0,0.0,0.0,0.0,0.0,0.0,,,,,,0.0,0.22,0.0,1.0,0.22,0.59,0.37,0.0,0.0,0.0,0.0,0.0,0.78,0.0,0.0,1.0,0.0,0.0,0.0,0.0,0.0,0.0,23,1.86,0.22,0.0,1.0,0.22,0.59,0.37,528.0,1540.0,3.0,2.92,1.17,0.63,0.33,0.72,0.35,0.59,0.47,79.0,237.0,3.0,3.0,-1.0,,,,,,,,,,,0.39,0.22,0.0,1.0,0.22,0.59,0.37,104.0,305.0,3.0,2.93,0.29,0.71,0.34,0.6,0.4,0.55,0.48,18.0,54.0,3.0,3.0,-1.0,,,,,,,,,,,0.08,0.22,0.0,1.0,0.22,0.59,0.37,8.0,22.0,3.0,2.75,0.08,0.79,0.16,0.21,0.56,0.24,0.3,2.0,6.0,3.0,3.0,-1.0,,,,,,30.34,0.81,0.33,0.4,0.63,0.43,0.49,6.0,18.0,3.0,3.0,148.09,0.8,0.34,0.42,0.59,0.45,0.49,12.0,36.0,3.0,3.0,,,,,,1.05,0.52,0.22,0.76,0.29,0.57,0.42,4.0,5.0,2.0,1.25,2.08,0.42,0.18,0.89,0.27,0.61,0.41,22,37,3,1.68,96.83,0.22,0.0,1.0,0.22,0.59,0.37,156,267,3,1.71
compas,7210,8,0,7,3250,0.4508,recidivism,organic,7.0,0.26,0.67,0.32,0.61,0.63,0.61,0.62,0.01,0.67,0.3,0.53,0.65,0.55,0.59,10.0,40.0,4.0,4.0,0.01,0.67,0.32,0.59,0.64,0.6,0.61,27.0,156.0,6.0,5.78,0.01,0.66,0.32,0.6,0.63,0.61,0.61,83.0,695.0,11.0,8.37,22.0,1.79,0.66,0.3,0.56,0.63,0.57,0.59,3.0,4.0,2.0,1.33,7.0,0.04,0.56,0.0,0.0,1.0,0.0,0.0,0.0,0.0,0.0,0.0,0.02,0.56,0.0,0.0,1.0,0.0,0.0,0.0,0.0,0.0,0.0,0.02,0.56,0.0,0.0,1.0,0.0,0.0,0.0,0.0,0.0,0.0,0.13,0.65,0.25,0.46,0.64,0.49,0.54,2.0,4.0,2.0,2.0,5.48,0.65,0.27,0.5,0.63,0.53,0.56,3.0,6.0,3.0,2.0,26.0,6.84,0.65,0.25,0.41,0.67,0.45,0.51,4.0,15.0,7.0,3.75,2.4,0.66,0.3,0.54,0.65,0.56,0.59,3.0,10.0,5.0,3.33,28.0,2.07,0.66,0.3,0.54,0.65,0.56,0.59,3.0,6.0,4.0,2.0,98.04,0.66,0.28,0.51,0.64,0.53,0.57,3.0,4.0,2.0,1.33,6.61,0.66,0.27,0.44,0.67,0.47,0.53,6.0,29.0,10.0,4.83,0.1,0.56,0.0,0.0,1.0,0.0,0.0,0.0,0.0,0.0,0.0,0.15,0.65,0.25,0.46,0.64,0.49,0.54,2.0,4.0,2.0,2.0,0.43,0.65,0.28,0.53,0.63,0.55,0.57,3.0,6.0,2.0,2.0,0.78,0.65,0.28,0.53,0.63,0.55,0.57,3.0,6.0,2.0,2.0,7.0,6.92,0.66,0.3,0.59,0.62,0.6,0.6,4.0,10.0,3.0,2.5,3.36,0.66,0.29,0.51,0.65,0.53,0.57,5.0,15.0,3.0,3.0,0.08,0.56,0.0,0.0,1.0,0.0,0.0,0.0,0.0,0.0,0.0,,,,,,0.0,0.44,0.0,1.0,0.44,0.8,0.61,0.0,0.0,0.0,0.0,0.0,0.56,0.0,0.0,1.0,0.0,0.0,0.0,0.0,0.0,0.0,7,0.59,0.44,0.0,1.0,0.44,0.8,0.61,382.0,1116.0,3.0,2.92,0.45,0.58,0.21,0.84,0.51,0.75,0.64,243.0,712.0,3.0,2.93,-1.0,,,,,,,,,,,0.19,0.44,0.0,1.0,0.44,0.8,0.61,129.0,379.0,3.0,2.94,0.14,0.63,0.27,0.69,0.57,0.66,0.62,84.0,248.0,3.0,2.95,-1.0,,,,,,,,,,,0.03,0.44,0.0,1.0,0.44,0.8,0.61,8.0,24.0,3.0,3.0,0.02,0.65,0.27,0.51,0.63,0.53,0.56,6.0,18.0,3.0,3.0,-1.0,,,,,,12.83,0.58,0.21,0.84,0.51,0.75,0.64,243.0,712.0,3.0,2.93,61.43,0.63,0.27,0.69,0.57,0.66,0.62,162.0,476.0,3.0,2.94,,,,,,0.39,0.66,0.29,0.53,0.65,0.55,0.58,3.0,4.0,2.0,1.33,0.76,0.49,0.05,0.97,0.47,0.8,0.63,13,22,3,1.69,4.77,0.54,0.14,0.93,0.5,0.79,0.65,38,86,3,2.26
fraud_detection,284807,31,30,0,492,0.0017,transaction-fraud,organic,30.0,4.96,1.0,0.83,0.83,0.96,0.85,0.89,2.99,1.0,0.75,0.75,0.87,0.77,0.8,6.0,22.0,4.0,3.67,4.47,1.0,0.8,0.8,0.86,0.81,0.83,15.0,79.0,6.0,5.27,10.09,1.0,0.8,0.8,0.74,0.79,0.77,68.0,832.0,24.0,12.24,24.0,3.98,1.0,0.0,0.0,1.0,0.0,0.0,0.0,0.0,0.0,0.0,30.0,465.29,1.0,0.76,0.76,0.92,0.79,0.83,6.0,30.0,7.0,5.0,409.8,1.0,0.76,0.76,0.92,0.79,0.83,6.0,30.0,7.0,5.0,428.45,1.0,0.76,0.76,0.92,0.79,0.83,6.0,30.0,7.0,5.0,9.29,1.0,0.0,0.0,1.0,0.0,0.0,0.0,0.0,0.0,0.0,4.54,1.0,0.67,0.67,0.89,0.7,0.76,1.0,2.0,2.0,2.0,38.0,6.18,1.0,0.7,0.7,0.89,0.73,0.79,1.0,2.0,2.0,2.0,5.23,1.0,0.0,0.0,1.0,0.0,0.0,0.0,0.0,0.0,0.0,540.0,17.86,1.0,0.0,0.0,1.0,0.0,0.0,0.0,0.0,0.0,0.0,4447.07,1.0,0.0,0.0,1.0,0.0,0.0,0.0,0.0,0.0,0.0,31.52,1.0,0.7,0.7,0.83,0.72,0.76,1.0,3.0,3.0,3.0,333.03,1.0,0.75,0.75,0.94,0.78,0.83,7.0,47.0,10.0,6.71,3355.72,1.0,0.0,0.0,1.0,0.0,0.0,0.0,0.0,0.0,0.0,18.01,1.0,0.0,0.0,1.0,0.0,0.0,0.0,0.0,0.0,0.0,79.68,1.0,0.0,0.0,1.0,0.0,0.0,0.0,0.0,0.0,0.0,,,,,,,,,,,,,,,,,,,,,,,,4.44,1.0,0.0,0.0,1.0,0.0,0.0,0.0,0.0,0.0,0.0,,,,,,0.0,0.0,0.0,1.0,0.0,0.01,0.0,0.0,0.0,0.0,0.0,0.0,1.0,0.0,0.0,1.0,0.0,0.0,0.0,0.0,0.0,0.0,30,28.18,0.0,0.0,1.0,0.0,0.01,0.0,638.0,1869.0,3.0,2.93,26.86,1.0,0.84,0.84,0.41,0.69,0.55,342.0,1001.0,3.0,2.93,26.08,1.0,0.79,0.79,0.79,0.79,0.79,28.0,83.0,3.0,2.96,5.63,0.0,0.0,1.0,0.0,0.01,0.0,129.0,373.0,3.0,2.89,5.44,1.0,0.84,0.84,0.6,0.78,0.7,70.0,203.0,3.0,2.9,5.22,1.0,0.63,0.63,0.93,0.67,0.75,9.0,27.0,3.0,3.0,0.35,0.0,0.0,1.0,0.0,0.01,0.0,8.0,22.0,3.0,2.75,0.31,1.0,0.68,0.68,0.89,0.71,0.77,4.0,11.0,3.0,2.75,-1.0,,,,,,568.58,1.0,0.8,0.8,0.76,0.79,0.78,20.0,57.0,3.0,2.85,2790.5,1.0,0.8,0.8,0.76,0.79,0.78,13.0,38.0,3.0,2.92,,,,,,3.18,1.0,0.64,0.64,0.8,0.67,0.71,1.0,2.0,2.0,2.0,10.45,1.0,0.81,0.81,0.37,0.66,0.51,26,41,3,1.58,323.05,0.97,0.83,0.86,0.04,0.18,0.08,234,428,3,1.83
fraud_oracle,15420,33,8,24,923,0.0599,insurance-fraud,organic,32.0,0.53,0.96,0.33,0.33,0.78,0.38,0.47,0.09,0.94,0.05,0.05,0.57,0.06,0.09,4.0,14.0,4.0,3.5,0.1,0.94,0.08,0.09,0.61,0.11,0.15,8.0,40.0,6.0,5.0,0.12,0.91,0.27,0.33,0.26,0.31,0.29,297.0,4512.0,24.0,15.19,24.0,0.92,0.94,0.0,0.0,1.0,0.0,0.0,0.0,0.0,0.0,0.0,32.0,0.35,0.94,0.0,0.0,1.0,0.0,0.0,0.0,0.0,0.0,0.0,0.34,0.94,0.0,0.0,1.0,0.0,0.0,0.0,0.0,0.0,0.0,0.34,0.94,0.0,0.0,1.0,0.0,0.0,0.0,0.0,0.0,0.0,0.37,0.94,0.0,0.0,1.0,0.0,0.0,0.0,0.0,0.0,0.0,3.42,0.95,0.05,0.05,0.78,0.07,0.1,2.0,6.0,4.0,3.0,38.0,3.62,0.95,0.05,0.05,0.82,0.07,0.1,2.0,7.0,5.0,3.5,1.06,0.94,0.0,0.0,1.0,0.0,0.0,0.0,0.0,0.0,0.0,352.0,3.0,0.94,0.0,0.0,1.0,0.0,0.0,0.0,0.0,0.0,0.0,297.55,0.94,0.0,0.0,1.0,0.0,0.0,0.0,0.0,0.0,0.0,7.8,0.94,-0.0,0.0,0.0,0.0,0.0,1.0,5.0,5.0,5.0,3.04,0.94,0.0,0.0,1.0,0.0,0.0,0.0,0.0,0.0,0.0,20.73,0.94,0.0,0.0,1.0,0.0,0.0,0.0,0.0,0.0,0.0,1.15,0.94,0.0,0.0,1.0,0.0,0.0,0.0,0.0,0.0,0.0,4.23,0.94,0.0,0.0,1.0,0.0,0.0,0.0,0.0,0.0,0.0,32.0,34.17,0.64,0.56,0.94,0.13,0.42,0.23,2.0,6.0,3.0,3.0,,,,,,,,,,,,0.31,0.94,0.0,0.0,1.0,0.0,0.0,0.0,0.0,0.0,0.0,,,,,,0.0,0.06,0.0,1.0,0.06,0.23,0.11,0.0,0.0,0.0,0.0,0.0,0.94,0.0,0.0,1.0,0.0,0.0,0.0,0.0,0.0,0.0,32,0.84,0.06,0.0,1.0,0.06,0.23,0.11,389.0,1125.0,3.0,2.89,0.51,0.93,0.05,0.06,0.24,0.08,0.1,79.0,213.0,3.0,2.7,0.48,0.94,0.01,0.02,0.21,0.02,0.03,53.0,137.0,3.0,2.58,0.22,0.06,0.0,1.0,0.06,0.23,0.11,64.0,182.0,3.0,2.84,0.17,0.94,0.01,0.01,0.29,0.01,0.01,15.0,38.0,3.0,2.53,0.17,0.94,0.01,0.01,0.33,0.01,0.01,14.0,35.0,3.0,2.5,0.1,0.06,0.0,1.0,0.06,0.23,0.11,5.0,13.0,3.0,2.6,0.09,0.94,0.0,0.0,0.33,0.0,0.01,2.0,4.0,3.0,2.0,0.09,0.0,0.0,0.94,0.0,0.33,12.08,0.91,0.09,0.13,0.15,0.13,0.14,49.0,134.0,3.0,2.73,59.73,0.73,0.31,0.56,0.12,0.32,0.2,57.0,157.0,3.0,2.75,0.01,2.0,4.0,3.0,2.0,0.72,0.31,0.21,0.94,0.07,0.28,0.14,2.0,4.0,2.0,2.0,1.68,0.07,0.01,1.0,0.06,0.24,0.11,14,27,3,1.93,30.77,0.06,0.0,1.0,0.06,0.24,0.11,73,141,3,1.93
bike_75,8760,14,9,4,61,0.007,demand-prediction,organic,13.0,0.15,0.99,0.14,0.14,0.38,0.16,0.21,0.01,0.99,0.33,0.33,0.37,0.34,0.35,2.0,8.0,4.0,4.0,0.01,0.99,0.38,0.38,0.47,0.4,0.42,8.0,46.0,6.0,5.75,0.01,0.99,0.52,0.52,0.48,0.51,0.5,16.0,115.0,12.0,7.19,14.0,0.23,0.99,0.0,0.0,1.0,0.0,0.0,0.0,0.0,0.0,0.0,13.0,0.45,0.99,0.24,0.24,0.38,0.26,0.29,8.0,34.0,5.0,4.25,0.43,0.99,0.24,0.24,0.38,0.26,0.29,8.0,34.0,5.0,4.25,0.44,0.99,0.24,0.24,0.38,0.26,0.29,8.0,34.0,5.0,4.25,0.17,0.99,0.0,0.0,1.0,0.0,0.0,0.0,0.0,0.0,0.0,0.44,0.99,0.33,0.33,0.41,0.35,0.37,1.0,4.0,4.0,4.0,20.0,0.57,0.99,0.33,0.33,0.58,0.36,0.42,1.0,5.0,5.0,5.0,0.25,0.99,0.0,0.0,1.0,0.0,0.0,0.0,0.0,0.0,0.0,864.0,1.13,0.99,0.0,0.0,1.0,0.0,0.0,0.0,0.0,0.0,0.0,188.21,0.99,0.0,0.0,1.0,0.0,0.0,0.0,0.0,0.0,0.0,6.18,0.99,-0.0,0.0,0.0,0.0,0.0,2.0,4.0,2.0,2.0,5.91,0.99,0.0,0.0,1.0,0.0,0.0,0.0,0.0,0.0,0.0,13.9,0.99,0.0,0.0,1.0,0.0,0.0,0.0,0.0,0.0,0.0,0.18,0.99,0.0,0.0,1.0,0.0,0.0,0.0,0.0,0.0,0.0,36.54,0.99,0.0,0.0,1.0,0.0,0.0,0.0,0.0,0.0,0.0,13.0,20.78,0.99,0.0,0.0,1.0,0.0,0.0,0.0,0.0,0.0,0.0,,,,,,,,,,,,0.17,0.99,0.66,0.67,0.37,0.57,0.47,1.0,3.0,3.0,3.0,,,,,,0.0,0.01,0.0,1.0,0.01,0.04,0.02,0.0,0.0,0.0,0.0,0.0,0.99,0.0,0.0,1.0,0.0,0.0,0.0,0.0,0.0,0.0,13,0.28,0.11,0.1,1.0,0.01,0.04,0.02,43.0,118.0,3.0,2.74,0.25,0.99,0.47,0.48,0.26,0.41,0.34,11.0,31.0,3.0,2.82,0.24,0.99,0.09,0.1,0.4,0.11,0.15,3.0,8.0,3.0,2.67,0.07,0.75,0.75,1.0,0.03,0.14,0.06,7.0,19.0,3.0,2.71,0.06,0.99,0.09,0.1,0.67,0.11,0.17,2.0,5.0,3.0,2.5,0.06,0.99,0.09,0.1,0.67,0.11,0.17,1.0,2.0,2.0,2.0,-1.0,,,,,,,,,,,-1.0,,,,,,,,,,,-1.0,,,,,,6.28,0.99,0.65,0.67,0.31,0.54,0.42,7.0,20.0,3.0,2.86,32.62,0.99,0.65,0.67,0.31,0.54,0.42,7.0,20.0,3.0,2.86,,,,,,-1.0,,,,,,,,,,,0.25,0.98,0.61,0.62,0.28,0.5,0.39,2,4,2,2.0,1.0,0.96,0.96,1.0,0.18,0.52,0.31,5,11,3,2.2
bike_mean,8760,14,9,4,3523,0.4022,demand-prediction,organic,13.0,0.31,0.93,0.86,0.92,0.92,0.92,0.92,0.02,0.89,0.8,0.94,0.82,0.91,0.88,4.0,16.0,4.0,4.0,0.02,0.9,0.81,0.92,0.85,0.91,0.88,16.0,94.0,6.0,5.88,0.03,0.9,0.79,0.87,0.88,0.87,0.87,199.0,2493.0,22.0,12.53,28.0,2.0,0.9,0.8,0.94,0.83,0.91,0.88,3.0,13.0,6.0,4.33,13.0,0.99,0.89,0.8,0.93,0.83,0.91,0.88,17.0,80.0,7.0,4.71,0.95,0.89,0.8,0.93,0.83,0.91,0.88,17.0,80.0,7.0,4.71,0.98,0.89,0.8,0.93,0.83,0.91,0.88,17.0,80.0,7.0,4.71,0.27,0.84,0.69,0.83,0.79,0.83,0.81,2.0,6.0,3.0,3.0,6.51,0.9,0.81,0.94,0.83,0.91,0.88,4.0,17.0,6.0,4.25,54.0,4.26,0.88,0.75,0.86,0.84,0.86,0.85,4.0,13.0,5.0,3.25,3.94,0.89,0.79,0.91,0.84,0.89,0.87,3.0,10.0,4.0,3.33,864.0,78.24,0.87,0.74,0.84,0.85,0.84,0.84,1.0,6.0,6.0,6.0,192.01,0.71,0.44,0.73,0.63,0.71,0.68,2.0,3.0,2.0,1.5,122.7,0.87,0.72,0.8,0.87,0.81,0.83,13.0,32.0,6.0,2.46,32.78,0.89,0.77,0.85,0.88,0.86,0.86,18.0,119.0,9.0,6.61,14.4,0.74,0.48,0.76,0.65,0.74,0.7,1.0,2.0,2.0,2.0,1.04,0.85,0.69,0.82,0.8,0.82,0.81,1.0,3.0,3.0,3.0,5.74,0.85,0.69,0.82,0.8,0.82,0.81,1.0,3.0,3.0,3.0,13.0,224.19,0.82,0.62,0.77,0.78,0.77,0.77,2.0,6.0,3.0,3.0,,,,,,,,,,,,0.23,0.59,0.0,0.0,1.0,0.0,0.0,0.0,0.0,0.0,0.0,,,,,,0.0,0.41,0.0,1.0,0.41,0.77,0.58,0.0,0.0,0.0,0.0,0.0,0.59,0.0,0.0,1.0,0.0,0.0,0.0,0.0,0.0,0.0,13,0.98,0.41,0.0,1.0,0.41,0.77,0.58,683.0,1971.0,3.0,2.89,0.48,0.45,0.07,1.0,0.42,0.79,0.6,198.0,570.0,3.0,2.88,-1.0,,,,,,,,,,,0.21,0.41,0.0,1.0,0.41,0.77,0.58,141.0,411.0,3.0,2.91,0.11,0.5,0.16,1.0,0.45,0.8,0.62,41.0,119.0,3.0,2.9,-1.0,,,,,,,,,,,0.02,0.41,0.0,1.0,0.41,0.77,0.58,8.0,22.0,3.0,2.75,0.02,0.73,0.49,0.8,0.63,0.76,0.71,3.0,8.0,3.0,2.67,-1.0,,,,,,13.7,0.84,0.68,0.84,0.78,0.83,0.81,4.0,12.0,3.0,3.0,66.98,0.77,0.46,0.55,0.82,0.59,0.66,1.0,3.0,3.0,3.0,,,,,,0.49,0.63,0.36,0.92,0.52,0.8,0.67,3.0,5.0,2.0,1.67,5.12,0.45,0.08,1.0,0.42,0.78,0.59,28,49,3,1.75,204.68,0.4,0.0,1.0,0.4,0.77,0.57,221,421,3,1.9
orange_up,50000,213,174,38,3682,0.0736,product recommendation,organic,212.0,2.51,0.95,0.4,0.41,0.79,0.45,0.54,1.04,0.95,0.42,0.43,0.79,0.47,0.56,3.0,12.0,4.0,4.0,1.22,0.95,0.42,0.43,0.78,0.47,0.55,17.0,96.0,6.0,5.65,2.52,0.9,0.36,0.42,0.37,0.41,0.4,896.0,18371.0,42.0,20.5,28.0,178.33,0.95,0.42,0.43,0.78,0.47,0.55,1.0,3.0,3.0,3.0,212.0,28.92,0.95,0.4,0.41,0.8,0.45,0.54,10.0,52.0,6.0,5.2,28.9,0.95,0.4,0.41,0.8,0.45,0.54,10.0,52.0,6.0,5.2,28.72,0.95,0.4,0.41,0.8,0.45,0.54,10.0,52.0,6.0,5.2,179.5,0.95,0.42,0.43,0.77,0.47,0.55,2.0,6.0,3.0,3.0,179.8,0.95,0.42,0.42,0.8,0.47,0.56,1.0,4.0,4.0,4.0,50.0,183.18,0.95,0.42,0.42,0.8,0.47,0.56,1.0,4.0,4.0,4.0,181.35,0.95,0.42,0.43,0.78,0.47,0.55,1.0,3.0,3.0,3.0,,-1.0,,,,,,,,,,,-1.0,,,,,,,,,,,-1.0,,,,,,,,,,,-1.0,,,,,,,,,,,-1.0,,,,,,,,,,,748.35,0.95,0.42,0.43,0.79,0.47,0.56,3.0,12.0,4.0,4.0,201.63,0.95,0.42,0.43,0.78,0.47,0.55,1.0,3.0,3.0,3.0,212.0,20948.35,0.94,0.46,0.48,0.61,0.5,0.54,1.0,2.0,2.0,2.0,,,,,,,,,,,,176.25,0.93,0.0,0.0,1.0,0.0,0.0,0.0,0.0,0.0,0.0,binarizer,training,binarizer,binarizer,binarizer,0.0,0.07,0.0,1.0,0.07,0.29,0.14,0.0,0.0,0.0,0.0,0.0,0.93,0.0,0.0,1.0,0.0,0.0,0.0,0.0,0.0,0.0,212,3.31,0.07,0.0,1.0,0.07,0.29,0.14,492.0,1455.0,3.0,2.96,2.69,0.94,0.44,0.47,0.59,0.49,0.52,78.0,226.0,3.0,2.9,2.51,0.92,-0.0,0.0,0.05,0.0,0.0,46.0,130.0,3.0,2.83,1.24,0.07,0.0,1.0,0.07,0.29,0.14,83.0,247.0,3.0,2.98,1.12,0.93,0.0,0.0,0.14,0.0,0.0,15.0,44.0,3.0,2.93,1.11,0.93,-0.0,0.0,0.0,0.0,0.0,9.0,26.0,3.0,2.89,-1.0,,,,,,,,,,,-1.0,,,,,,,,,,,-1.0,,,,,,57.67,0.95,0.41,0.43,0.72,0.47,0.54,59.0,169.0,3.0,2.86,269.21,0.95,0.41,0.43,0.72,0.47,0.54,59.0,169.0,3.0,2.86,,,,,,-1.0,,,,,,,,,,,2.87,0.08,0.0,1.0,0.08,0.29,0.14,13,22,3,1.69,96.44,0.08,0.0,1.0,0.08,0.29,0.14,156,275,3,1.76
orange_churn,50000,213,174,38,3672,0.0734,churn,organic,212.0,2.52,0.93,0.03,0.04,0.5,0.04,0.07,1.05,0.92,0.02,0.02,0.46,0.02,0.04,5.0,20.0,4.0,4.0,1.24,0.92,0.04,0.05,0.4,0.06,0.08,23.0,128.0,6.0,5.57,3.02,0.87,0.08,0.15,0.14,0.15,0.15,1308.0,28295.0,45.0,21.63,26.0,177.55,0.93,0.0,0.0,1.0,0.0,0.0,0.0,0.0,0.0,0.0,212.0,1.95,0.93,0.0,0.0,1.0,0.0,0.0,0.0,0.0,0.0,0.0,3.18,0.93,0.0,0.0,1.0,0.0,0.0,0.0,0.0,0.0,0.0,3.19,0.93,0.0,0.0,1.0,0.0,0.0,0.0,0.0,0.0,0.0,176.71,0.93,0.0,0.0,1.0,0.0,0.0,0.0,0.0,0.0,0.0,179.63,0.93,0.02,0.02,0.6,0.02,0.03,1.0,3.0,3.0,3.0,48.0,184.62,0.93,0.01,0.02,0.55,0.02,0.03,1.0,4.0,4.0,4.0,181.86,0.93,0.0,0.0,1.0,0.0,0.0,0.0,0.0,0.0,0.0,,-1.0,,,,,,,,,,,-1.0,,,,,,,,,,,-1.0,,,,,,,,,,,-1.0,,,,,,,,,,,-1.0,,,,,,,,,,,179.64,0.93,0.0,0.0,1.0,0.0,0.0,0.0,0.0,0.0,0.0,201.2,0.93,0.0,0.0,1.0,0.0,0.0,0.0,0.0,0.0,0.0,212.0,4790.96,0.93,0.0,0.0,1.0,0.0,0.0,0.0,0.0,0.0,0.0,,,,,,,,,,,,176.6,0.93,0.0,0.0,1.0,0.0,0.0,0.0,0.0,0.0,0.0,binarizer,training,binarizer,binarizer,binarizer,0.0,0.07,0.0,1.0,0.07,0.29,0.14,0.0,0.0,0.0,0.0,0.0,0.93,0.0,0.0,1.0,0.0,0.0,0.0,0.0,0.0,0.0,212,3.7,0.07,0.0,1.0,0.07,0.29,0.14,561.0,1661.0,3.0,2.96,2.61,0.92,0.02,0.03,0.18,0.04,0.06,95.0,273.0,3.0,2.87,2.52,0.92,0.0,0.01,0.11,0.01,0.01,46.0,127.0,3.0,2.76,1.38,0.07,0.0,1.0,0.07,0.29,0.14,125.0,370.0,3.0,2.96,1.12,0.92,0.01,0.01,0.25,0.01,0.02,20.0,58.0,3.0,2.9,1.11,0.93,0.0,0.0,0.5,0.0,0.0,8.0,22.0,3.0,2.75,0.8,0.07,0.0,1.0,0.07,0.29,0.14,8.0,24.0,3.0,3.0,0.78,0.92,0.0,0.0,0.2,0.0,0.0,2.0,6.0,3.0,3.0,-1.0,,,,,,58.41,0.75,0.21,0.43,0.14,0.3,0.21,93.0,272.0,3.0,2.92,274.82,0.75,0.21,0.43,0.14,0.3,0.21,93.0,272.0,3.0,2.92,,,,,,4.9,0.35,-0.01,0.66,0.07,0.25,0.13,1.0,1.0,1.0,1.0,2.06,0.07,0.0,1.0,0.07,0.28,0.14,12,19,3,1.58,42.36,0.07,0.0,1.0,0.07,0.28,0.14,102,157,3,1.54
adult,32561,13,4,8,7841,0.2408,income_prediction,organic,12.0,0.41,0.87,0.61,0.67,0.76,0.69,0.71,0.06,0.82,0.25,0.25,0.95,0.3,0.4,7.0,28.0,4.0,4.0,0.06,0.84,0.41,0.45,0.78,0.49,0.57,18.0,101.0,6.0,5.61,0.09,0.81,0.46,0.58,0.6,0.58,0.59,1726.0,34708.0,42.0,20.11,28.0,4.45,0.83,0.35,0.38,0.81,0.43,0.52,3.0,7.0,3.0,2.33,12.0,7.09,0.84,0.47,0.53,0.74,0.56,0.62,24.0,128.0,9.0,5.33,7.17,0.84,0.47,0.53,0.74,0.56,0.62,24.0,128.0,9.0,5.33,7.02,0.84,0.47,0.53,0.74,0.56,0.62,24.0,128.0,9.0,5.33,0.71,0.82,0.26,0.28,0.86,0.32,0.42,2.0,4.0,2.0,2.0,7.67,0.84,0.36,0.39,0.84,0.43,0.53,5.0,13.0,5.0,2.6,52.0,12.85,0.84,0.36,0.39,0.85,0.43,0.53,6.0,13.0,3.0,2.17,5.97,0.83,0.35,0.38,0.81,0.42,0.52,3.0,6.0,3.0,2.0,234.0,44.75,0.82,0.45,0.56,0.63,0.57,0.59,1.0,10.0,10.0,10.0,625.75,0.71,0.53,0.87,0.44,0.73,0.59,3.0,4.0,2.0,1.33,96.22,0.82,0.36,0.4,0.73,0.44,0.52,6.0,25.0,8.0,4.17,75.04,0.83,0.46,0.55,0.67,0.57,0.6,35.0,229.0,12.0,6.54,14.44,0.79,0.2,0.24,0.68,0.27,0.35,1.0,2.0,2.0,2.0,3.25,0.82,0.26,0.28,0.86,0.32,0.42,2.0,4.0,2.0,2.0,17.73,0.82,0.28,0.3,0.83,0.34,0.44,3.0,6.0,2.0,2.0,12.0,49.17,0.77,0.56,0.79,0.51,0.71,0.62,8.0,24.0,3.0,3.0,,,,,,,,,,,,0.34,0.76,0.0,0.0,1.0,0.0,0.0,0.0,0.0,0.0,0.0,,,,,,0.0,0.24,0.0,1.0,0.24,0.61,0.39,0.0,0.0,0.0,0.0,0.0,0.76,0.0,0.0,1.0,0.0,0.0,0.0,0.0,0.0,0.0,12,1.3,0.24,0.0,1.0,0.24,0.61,0.39,690.0,1974.0,3.0,2.86,0.78,0.7,0.56,0.93,0.44,0.76,0.6,249.0,708.0,3.0,2.84,0.59,0.82,0.26,0.26,0.92,0.31,0.41,86.0,238.0,3.0,2.77,0.31,0.24,0.0,1.0,0.24,0.61,0.39,151.0,428.0,3.0,2.83,0.2,0.76,0.6,0.88,0.5,0.76,0.64,54.0,154.0,3.0,2.85,0.16,0.8,0.18,0.18,0.94,0.22,0.31,20.0,58.0,3.0,2.9,0.06,0.24,0.0,1.0,0.24,0.61,0.39,7.0,20.0,3.0,2.86,0.06,0.8,0.18,0.18,0.94,0.22,0.31,2.0,5.0,3.0,2.5,0.06,0.18,0.22,0.8,0.18,0.94,20.26,0.81,0.46,0.58,0.61,0.58,0.59,16.0,45.0,3.0,2.81,100.43,0.78,0.59,0.84,0.52,0.74,0.64,29.0,84.0,3.0,2.9,0.31,2.0,5.0,3.0,2.5,0.49,0.71,0.47,0.78,0.44,0.68,0.56,2.0,2.0,1.0,1.0,1.4,0.34,0.12,0.99,0.26,0.63,0.41,13,22,3,1.69,27.49,0.24,0.0,1.0,0.24,0.61,0.38,86,165,3,1.92
house,22784,17,16,0,6744,0.296,price_prediction,organic,16.0,0.69,0.89,0.71,0.78,0.83,0.79,0.81,0.08,0.83,0.55,0.66,0.73,0.67,0.69,10.0,40.0,4.0,4.0,0.12,0.85,0.59,0.67,0.78,0.69,0.72,31.0,186.0,6.0,6.0,0.26,0.83,0.59,0.71,0.72,0.71,0.71,701.0,9155.0,22.0,13.06,30.0,4.84,0.83,0.54,0.61,0.78,0.64,0.69,5.0,11.0,3.0,2.2,16.0,8.96,0.86,0.63,0.69,0.82,0.71,0.75,34.0,176.0,8.0,5.18,9.32,0.86,0.63,0.69,0.82,0.71,0.75,34.0,176.0,8.0,5.18,9.43,0.86,0.63,0.69,0.82,0.71,0.75,34.0,176.0,8.0,5.18,0.47,0.8,0.44,0.53,0.72,0.56,0.61,1.0,2.0,2.0,2.0,10.4,0.84,0.53,0.58,0.81,0.62,0.68,7.0,19.0,4.0,2.71,62.0,21.58,0.84,0.55,0.62,0.79,0.65,0.7,7.0,21.0,6.0,3.0,10.31,0.84,0.55,0.61,0.8,0.64,0.69,5.0,13.0,3.0,2.6,264.0,74.48,0.83,0.54,0.62,0.76,0.65,0.69,3.0,6.0,2.0,2.0,356.45,0.81,0.6,0.76,0.66,0.74,0.71,3.0,7.0,3.0,2.33,112.65,0.83,0.54,0.63,0.76,0.65,0.69,6.0,16.0,4.0,2.67,51.86,0.86,0.65,0.73,0.8,0.74,0.76,33.0,205.0,9.0,6.21,20.27,0.8,0.45,0.55,0.71,0.57,0.62,1.0,2.0,2.0,2.0,3.8,0.8,0.44,0.53,0.72,0.56,0.61,1.0,2.0,2.0,2.0,36.19,0.8,0.44,0.53,0.72,0.56,0.61,1.0,2.0,2.0,2.0,,,,,,,,,,,,,,,,,,,,,,,,0.27,0.7,0.0,0.0,1.0,0.0,0.0,0.0,0.0,0.0,0.0,,,,,,0.0,0.3,0.0,1.0,0.3,0.68,0.46,0.0,0.0,0.0,0.0,0.0,0.7,0.0,0.0,1.0,0.0,0.0,0.0,0.0,0.0,0.0,16,2.11,0.3,0.0,1.0,0.3,0.68,0.46,800.0,2362.0,3.0,2.95,1.54,0.54,0.34,0.99,0.39,0.76,0.56,296.0,882.0,3.0,2.98,-1.0,,,,,,,,,,,0.42,0.3,0.0,1.0,0.3,0.68,0.46,160.0,471.0,3.0,2.94,0.31,0.67,0.51,0.96,0.47,0.8,0.63,52.0,154.0,3.0,2.96,-1.0,,,,,,,,,,,0.03,0.3,0.0,1.0,0.3,0.68,0.46,8.0,22.0,3.0,2.75,0.02,0.82,0.53,0.64,0.71,0.65,0.67,4.0,11.0,3.0,2.75,-1.0,,,,,,36.4,0.8,0.56,0.71,0.65,0.7,0.68,9.0,26.0,3.0,2.89,181.63,0.8,0.6,0.8,0.63,0.76,0.7,12.0,35.0,3.0,2.92,,,,,,0.52,0.82,0.55,0.69,0.68,0.69,0.68,3.0,5.0,2.0,1.67,4.66,0.46,0.23,0.99,0.35,0.72,0.52,33,59,3,1.79,413.74,0.29,0.0,1.0,0.29,0.67,0.45,318,535,3,1.68
heloc,10459,24,23,0,5000,0.4781,credit,organic,23.0,0.34,0.69,0.38,0.65,0.69,0.66,0.67,0.02,0.7,0.41,0.71,0.69,0.71,0.7,10.0,40.0,4.0,4.0,0.02,0.7,0.4,0.61,0.73,0.63,0.67,24.0,141.0,6.0,5.88,0.06,0.62,0.23,0.58,0.61,0.58,0.59,630.0,9005.0,29.0,14.29,28.0,2.05,0.71,0.41,0.66,0.71,0.67,0.68,2.0,5.0,3.0,2.5,23.0,1.22,0.7,0.39,0.71,0.68,0.7,0.69,16.0,71.0,8.0,4.44,1.23,0.7,0.39,0.71,0.68,0.7,0.69,16.0,71.0,8.0,4.44,1.22,0.7,0.39,0.71,0.68,0.7,0.69,16.0,71.0,8.0,4.44,0.24,0.7,0.4,0.6,0.74,0.62,0.66,1.0,2.0,2.0,2.0,3.58,0.71,0.41,0.66,0.71,0.67,0.68,2.0,5.0,3.0,2.5,58.0,12.36,0.71,0.41,0.65,0.71,0.67,0.68,2.0,6.0,4.0,3.0,5.24,0.7,0.39,0.6,0.73,0.62,0.66,1.0,1.0,1.0,1.0,312.0,47.55,0.7,0.4,0.65,0.71,0.66,0.68,1.0,2.0,2.0,2.0,169.89,0.7,0.39,0.62,0.71,0.64,0.66,1.0,1.0,1.0,1.0,72.24,0.7,0.4,0.65,0.71,0.66,0.68,2.0,6.0,4.0,3.0,7.69,0.7,0.41,0.76,0.67,0.74,0.71,11.0,47.0,8.0,4.27,11.27,0.7,0.4,0.65,0.71,0.66,0.68,1.0,2.0,2.0,2.0,1.47,0.7,0.4,0.6,0.74,0.62,0.66,1.0,2.0,2.0,2.0,11.82,0.7,0.4,0.6,0.74,0.62,0.66,1.0,2.0,2.0,2.0,23.0,65.63,0.7,0.39,0.64,0.7,0.65,0.67,3.0,9.0,3.0,3.0,82.4,0.7,0.4,0.59,0.74,0.62,0.66,1.0,3.0,3.0,3.0,0.16,0.52,0.0,0.0,1.0,0.0,0.0,0.0,0.0,0.0,0.0,,,,,,0.0,0.48,0.0,1.0,0.48,0.82,0.65,0.0,0.0,0.0,0.0,0.0,0.52,0.0,0.0,1.0,0.0,0.0,0.0,0.0,0.0,0.0,23,1.15,0.48,0.0,1.0,0.48,0.82,0.65,794.0,2334.0,3.0,2.94,0.62,0.5,0.03,0.99,0.49,0.82,0.66,292.0,855.0,3.0,2.93,-1.0,,,,,,,,,,,0.24,0.48,0.0,1.0,0.48,0.82,0.65,160.0,468.0,3.0,2.92,0.14,0.57,0.17,0.93,0.53,0.81,0.68,65.0,186.0,3.0,2.86,-1.0,,,,,,,,,,,0.02,0.48,0.0,1.0,0.48,0.82,0.65,8.0,20.0,3.0,2.5,0.01,0.7,0.39,0.6,0.73,0.62,0.66,4.0,8.0,2.0,2.0,-1.0,,,,,,18.59,0.65,0.32,0.79,0.61,0.75,0.69,42.0,121.0,3.0,2.88,91.82,0.66,0.33,0.8,0.62,0.75,0.69,20.0,56.0,3.0,2.8,,,,,,0.41,0.55,0.12,0.94,0.52,0.81,0.67,5.0,6.0,2.0,1.2,2.55,0.5,0.03,0.99,0.49,0.83,0.66,33,60,3,1.82,204.95,0.49,0.0,1.0,0.49,0.83,0.65,240,466,3,1.94
telco_churn,3333,20,16,3,483,0.1449,churn,organic,19.0,0.23,0.95,0.73,0.75,0.89,0.77,0.81,0.01,0.91,0.49,0.51,0.78,0.55,0.62,9.0,36.0,4.0,4.0,0.02,0.95,0.71,0.72,0.91,0.75,0.8,20.0,109.0,6.0,5.45,0.03,0.91,0.67,0.72,0.7,0.72,0.71,66.0,659.0,18.0,9.98,28.0,1.6,0.93,0.6,0.62,0.83,0.65,0.71,4.0,11.0,4.0,2.75,19.0,0.23,0.94,0.7,0.71,0.87,0.74,0.78,8.0,24.0,4.0,3.0,0.23,0.94,0.7,0.71,0.87,0.74,0.78,8.0,24.0,4.0,3.0,0.23,0.94,0.7,0.71,0.87,0.74,0.78,8.0,24.0,4.0,3.0,0.12,0.89,0.35,0.37,0.78,0.41,0.5,2.0,4.0,2.0,2.0,8.54,0.92,0.53,0.54,0.87,0.59,0.67,10.0,27.0,3.0,2.7,52.0,9.47,0.92,0.56,0.58,0.83,0.62,0.68,11.0,33.0,4.0,3.0,3.34,0.94,0.66,0.68,0.85,0.71,0.76,5.0,13.0,4.0,2.6,362.0,12.0,0.93,0.55,0.56,0.9,0.61,0.69,4.0,11.0,4.0,2.75,54.26,0.91,0.49,0.52,0.79,0.56,0.63,3.0,5.0,2.0,1.67,23.75,0.9,0.47,0.5,0.73,0.54,0.6,8.0,38.0,9.0,4.75,2.22,0.93,0.68,0.71,0.8,0.73,0.75,7.0,23.0,5.0,3.29,5.51,0.86,0.25,0.3,0.54,0.33,0.38,1.0,2.0,2.0,2.0,0.48,0.88,0.22,0.24,0.74,0.28,0.36,1.0,3.0,3.0,3.0,2.46,0.88,0.22,0.24,0.74,0.28,0.36,1.0,3.0,3.0,3.0,19.0,39.74,0.91,0.42,0.42,0.94,0.47,0.58,3.0,8.0,3.0,2.67,36.35,0.91,0.42,0.43,0.94,0.48,0.59,3.0,9.0,3.0,3.0,0.57,0.74,0.5,0.76,0.34,0.6,0.46,12.0,58.0,9.0,4.83,,,,,,0.0,0.15,0.0,1.0,0.15,0.46,0.26,0.0,0.0,0.0,0.0,0.0,0.85,0.0,0.0,1.0,0.0,0.0,0.0,0.0,0.0,0.0,19,0.95,0.15,0.0,1.0,0.15,0.46,0.26,726.0,2132.0,3.0,2.94,0.49,0.73,0.57,0.86,0.34,0.66,0.49,265.0,765.0,3.0,2.89,0.24,0.93,0.6,0.62,0.83,0.65,0.71,15.0,41.0,3.0,2.73,0.2,0.15,0.0,1.0,0.15,0.46,0.26,144.0,420.0,3.0,2.92,0.11,0.81,0.64,0.84,0.42,0.7,0.56,58.0,164.0,3.0,2.83,0.06,0.87,0.11,0.12,0.89,0.14,0.2,3.0,8.0,3.0,2.67,0.02,0.16,0.0,0.98,0.15,0.46,0.26,7.0,21.0,3.0,3.0,0.01,0.88,0.22,0.23,0.79,0.27,0.36,2.0,6.0,3.0,3.0,-1.0,,,,,,14.37,0.93,0.6,0.62,0.83,0.65,0.71,15.0,41.0,3.0,2.73,69.63,0.92,0.63,0.67,0.73,0.68,0.7,17.0,47.0,3.0,2.76,,,,,,0.42,0.86,0.42,0.5,0.47,0.5,0.49,2.0,2.0,1.0,1.0,2.72,0.25,0.1,0.95,0.14,0.45,0.25,24,41,3,1.71,136.87,0.13,0.0,1.0,0.13,0.43,0.23,190,354,3,1.86
electricity,45312,9,8,0,19237,0.4245,price_sensitivity,organic,8.0,0.71,0.91,0.82,0.89,0.9,0.89,0.9,0.05,0.76,0.47,0.56,0.82,0.6,0.67,8.0,32.0,4.0,4.0,0.07,0.79,0.53,0.61,0.84,0.65,0.71,32.0,190.0,6.0,5.94,0.17,0.88,0.75,0.85,0.86,0.85,0.86,1483.0,23066.0,29.0,15.55,30.0,9.68,0.77,0.49,0.59,0.82,0.63,0.69,2.0,7.0,5.0,3.5,8.0,31.32,0.85,0.67,0.75,0.88,0.77,0.81,82.0,380.0,9.0,4.63,31.6,0.85,0.67,0.75,0.88,0.77,0.81,82.0,380.0,9.0,4.63,31.32,0.85,0.67,0.75,0.88,0.77,0.81,82.0,380.0,9.0,4.63,10.55,0.76,0.47,0.56,0.82,0.6,0.67,1.0,2.0,2.0,2.0,8.57,0.77,0.51,0.66,0.77,0.68,0.71,2.0,8.0,6.0,4.0,62.0,28.26,0.78,0.51,0.61,0.82,0.64,0.7,3.0,6.0,3.0,2.0,16.49,0.78,0.51,0.62,0.81,0.65,0.7,2.0,4.0,2.0,2.0,122.0,24.08,0.77,0.51,0.62,0.81,0.65,0.7,2.0,4.0,2.0,2.0,699.06,0.77,0.49,0.6,0.8,0.64,0.69,3.0,5.0,2.0,1.67,104.89,0.77,0.5,0.6,0.82,0.64,0.69,2.0,4.0,2.0,2.0,1.26,0.57,0.0,0.0,1.0,0.0,0.0,0.0,0.0,0.0,0.0,7.65,0.76,0.47,0.56,0.82,0.6,0.67,1.0,2.0,2.0,2.0,6.42,0.76,0.47,0.56,0.82,0.6,0.67,1.0,2.0,2.0,2.0,72.66,0.76,0.47,0.56,0.82,0.6,0.67,1.0,2.0,2.0,2.0,,,,,,,,,,,,,,,,,,,,,,,,0.33,0.57,0.0,0.0,1.0,0.0,0.0,0.0,0.0,0.0,0.0,,,,,,0.0,0.43,0.0,1.0,0.43,0.79,0.6,0.0,0.0,0.0,0.0,0.0,0.57,0.0,0.0,1.0,0.0,0.0,0.0,0.0,0.0,0.0,8,1.89,0.43,0.0,1.0,0.43,0.79,0.6,774.0,2170.0,3.0,2.8,1.32,0.56,0.22,0.96,0.49,0.8,0.65,326.0,898.0,3.0,2.75,-1.0,,,,,,,,,,,0.38,0.43,0.0,1.0,0.43,0.79,0.6,158.0,441.0,3.0,2.79,0.28,0.6,0.27,0.89,0.52,0.78,0.65,71.0,195.0,3.0,2.75,-1.0,,,,,,,,,,,0.03,0.43,0.0,1.0,0.43,0.79,0.6,8.0,23.0,3.0,2.88,0.02,0.76,0.49,0.61,0.79,0.64,0.69,4.0,11.0,3.0,2.75,-1.0,,,,,,33.98,0.7,0.44,0.85,0.61,0.78,0.71,261.0,714.0,3.0,2.74,164.39,0.7,0.44,0.85,0.61,0.78,0.71,261.0,714.0,3.0,2.74,,,,,,0.69,0.76,0.48,0.61,0.78,0.64,0.68,3.0,6.0,2.0,2.0,3.47,0.48,0.09,0.99,0.45,0.8,0.62,29,46,3,1.59,221.42,0.43,0.0,1.0,0.43,0.79,0.6,248,423,3,1.71
bank_marketing,4118,21,10,10,451,0.1095,product_recommendation,organic,20.0,0.25,0.91,0.5,0.55,0.59,0.56,0.57,0.02,0.9,0.43,0.48,0.6,0.5,0.53,7.0,28.0,4.0,4.0,0.02,0.91,0.42,0.45,0.64,0.48,0.53,25.0,144.0,6.0,5.76,0.02,0.88,0.45,0.52,0.49,0.51,0.5,102.0,1013.0,20.0,9.93,30.0,1.37,0.9,0.35,0.38,0.64,0.41,0.47,3.0,6.0,2.0,2.0,20.0,0.22,0.91,0.38,0.4,0.71,0.44,0.52,4.0,10.0,3.0,2.5,0.18,0.91,0.38,0.4,0.71,0.44,0.52,4.0,10.0,3.0,2.5,0.18,0.91,0.38,0.4,0.71,0.44,0.52,4.0,10.0,3.0,2.5,0.16,0.9,0.31,0.34,0.59,0.37,0.43,2.0,4.0,2.0,2.0,3.46,0.9,0.33,0.35,0.63,0.39,0.45,7.0,14.0,2.0,2.0,58.0,5.28,0.91,0.38,0.4,0.73,0.44,0.51,9.0,18.0,2.0,2.0,2.18,0.91,0.4,0.43,0.69,0.46,0.53,4.0,8.0,2.0,2.0,230.0,7.31,0.91,0.3,0.32,0.71,0.36,0.44,3.0,8.0,4.0,2.67,65.94,0.89,0.21,0.23,0.57,0.26,0.32,2.0,2.0,1.0,1.0,23.16,0.89,0.24,0.27,0.58,0.3,0.37,12.0,46.0,8.0,3.83,1.24,0.9,0.2,0.21,0.67,0.25,0.32,3.0,12.0,5.0,4.0,2.65,0.91,0.34,0.36,0.66,0.4,0.47,1.0,2.0,2.0,2.0,0.63,0.9,0.4,0.44,0.61,0.47,0.51,3.0,6.0,2.0,2.0,4.18,0.9,0.31,0.34,0.59,0.37,0.43,2.0,4.0,2.0,2.0,20.0,22.77,0.9,0.48,0.53,0.59,0.54,0.56,6.0,17.0,3.0,2.83,20.46,0.91,0.5,0.54,0.63,0.55,0.58,6.0,18.0,3.0,3.0,0.14,0.89,0.0,0.0,1.0,0.0,0.0,0.0,0.0,0.0,0.0,,,,,,0.0,0.11,0.0,1.0,0.11,0.39,0.2,0.0,0.0,0.0,0.0,0.0,0.89,0.0,0.0,1.0,0.0,0.0,0.0,0.0,0.0,0.0,20,0.95,0.11,0.0,1.0,0.11,0.39,0.2,754.0,2203.0,3.0,2.92,0.49,0.85,0.71,0.87,0.42,0.71,0.56,292.0,848.0,3.0,2.9,0.2,0.89,0.14,0.16,0.61,0.18,0.25,7.0,21.0,3.0,3.0,0.21,0.11,0.0,1.0,0.11,0.39,0.2,154.0,440.0,3.0,2.86,0.11,0.87,0.71,0.84,0.46,0.72,0.59,60.0,171.0,3.0,2.85,0.05,0.89,0.1,0.11,0.65,0.13,0.18,1.0,3.0,3.0,3.0,0.03,0.11,0.0,1.0,0.11,0.39,0.2,8.0,24.0,3.0,3.0,0.02,0.88,0.5,0.59,0.47,0.56,0.52,4.0,12.0,3.0,3.0,-1.0,,,,,,13.71,0.87,0.68,0.79,0.47,0.7,0.59,21.0,62.0,3.0,2.95,66.87,0.88,0.73,0.84,0.48,0.73,0.61,99.0,288.0,3.0,2.91,,,,,,0.57,0.63,0.23,0.6,0.18,0.41,0.27,3.0,6.0,3.0,2.0,1.96,0.67,0.61,0.99,0.26,0.63,0.41,34,59,3,1.74,132.84,0.12,0.0,1.0,0.12,0.4,0.21,188,342,3,1.82
telco_churn_2,2000,14,9,4,1000,0.5,churn,organic,13.0,0.23,0.74,0.48,0.7,0.77,0.72,0.73,0.01,0.71,0.43,0.64,0.76,0.66,0.7,6.0,24.0,4.0,4.0,0.01,0.7,0.41,0.68,0.73,0.69,0.71,22.0,129.0,6.0,5.86,0.01,0.65,0.31,0.64,0.68,0.64,0.66,121.0,1301.0,19.0,10.75,30.0,1.77,0.72,0.45,0.67,0.77,0.69,0.72,2.0,5.0,4.0,2.5,13.0,0.17,0.72,0.45,0.67,0.77,0.69,0.72,4.0,11.0,4.0,2.75,0.12,0.72,0.45,0.67,0.77,0.69,0.72,4.0,11.0,4.0,2.75,0.56,0.72,0.43,0.78,0.71,0.77,0.74,23.0,75.0,5.0,3.26,0.1,0.72,0.43,0.72,0.73,0.72,0.72,2.0,4.0,2.0,2.0,5.89,0.73,0.46,0.67,0.77,0.69,0.72,3.0,15.0,10.0,5.0,58.0,8.88,0.71,0.43,0.56,0.82,0.6,0.67,8.0,28.0,8.0,3.5,4.97,0.72,0.44,0.62,0.79,0.65,0.69,5.0,19.0,10.0,3.8,194.0,11.75,0.73,0.47,0.69,0.77,0.71,0.73,2.0,3.0,2.0,1.5,31.79,0.64,0.31,0.43,0.78,0.48,0.56,3.0,4.0,2.0,1.33,32.14,0.71,0.42,0.6,0.78,0.63,0.68,4.0,11.0,4.0,2.75,0.94,0.74,0.49,0.69,0.79,0.71,0.74,9.0,30.0,5.0,3.33,1.09,0.71,0.43,0.72,0.72,0.72,0.72,2.0,4.0,2.0,2.0,0.44,0.72,0.43,0.72,0.73,0.72,0.72,2.0,4.0,2.0,2.0,2.95,0.72,0.43,0.72,0.73,0.72,0.72,2.0,4.0,2.0,2.0,13.0,114.82,0.71,0.42,0.74,0.71,0.74,0.73,2.0,6.0,3.0,3.0,98.4,0.71,0.42,0.77,0.7,0.76,0.74,2.0,6.0,3.0,3.0,0.1,0.48,0.0,0.0,1.0,0.0,0.0,0.0,0.0,0.0,0.0,,,,,,0.0,0.52,0.0,1.0,0.52,0.84,0.68,0.0,0.0,0.0,0.0,0.0,0.48,0.0,0.0,1.0,0.0,0.0,0.0,0.0,0.0,0.0,13,1.06,0.52,0.0,1.0,0.52,0.84,0.68,767.0,2227.0,3.0,2.9,0.59,0.52,0.01,1.0,0.52,0.85,0.69,413.0,1198.0,3.0,2.9,-1.0,,,,,,,,,,,0.2,0.52,0.0,1.0,0.52,0.84,0.68,156.0,458.0,3.0,2.94,0.13,0.57,0.1,0.99,0.55,0.85,0.7,85.0,246.0,3.0,2.89,-1.0,,,,,,,,,,,0.02,0.52,0.0,1.0,0.52,0.84,0.68,7.0,19.0,3.0,2.71,0.01,0.62,0.24,0.72,0.62,0.7,0.67,4.0,10.0,3.0,2.5,-1.0,,,,,,15.41,0.66,0.31,0.9,0.62,0.83,0.73,136.0,388.0,3.0,2.85,76.36,0.67,0.32,0.87,0.63,0.81,0.73,64.0,185.0,3.0,2.89,,,,,,0.51,0.56,0.12,0.86,0.53,0.77,0.66,5.0,7.0,2.0,1.4,3.06,0.5,0.0,1.0,0.5,0.83,0.66,30,50,3,1.67,293.52,0.5,0.0,1.0,0.5,0.83,0.66,289,508,3,1.76
boston,506,14,13,0,209,0.413,price_prediction,organic,13.0,0.1,0.88,0.75,0.83,0.9,0.84,0.86,0.0,0.86,0.69,0.74,0.93,0.77,0.82,6.0,23.0,4.0,3.83,0.0,0.84,0.66,0.77,0.85,0.78,0.81,13.0,67.0,6.0,5.15,0.0,0.83,0.65,0.81,0.81,0.81,0.81,22.0,140.0,11.0,6.36,24.0,1.92,0.86,0.7,0.74,0.94,0.77,0.83,4.0,12.0,4.0,3.0,13.0,0.14,0.84,0.66,0.8,0.83,0.8,0.81,12.0,26.0,4.0,2.17,0.14,0.84,0.66,0.8,0.83,0.8,0.81,12.0,26.0,4.0,2.17,0.14,0.84,0.66,0.8,0.83,0.8,0.81,12.0,26.0,4.0,2.17,0.06,0.86,0.71,0.8,0.89,0.81,0.84,4.0,12.0,3.0,3.0,4.5,0.85,0.68,0.75,0.9,0.78,0.82,5.0,18.0,4.0,3.6,36.0,5.12,0.86,0.7,0.77,0.9,0.79,0.83,9.0,30.0,5.0,3.33,2.03,0.85,0.68,0.75,0.9,0.78,0.82,6.0,18.0,4.0,3.0,194.0,5.34,0.84,0.68,0.8,0.85,0.81,0.82,7.0,21.0,5.0,3.0,8.94,0.89,0.77,0.87,0.88,0.87,0.88,4.0,4.0,1.0,1.0,8.05,0.87,0.73,0.84,0.87,0.85,0.85,9.0,29.0,4.0,3.22,0.59,0.84,0.67,0.81,0.82,0.81,0.82,15.0,51.0,5.0,3.4,0.34,0.88,0.74,0.83,0.89,0.84,0.86,1.0,2.0,2.0,2.0,0.1,0.88,0.75,0.81,0.92,0.83,0.86,1.0,2.0,2.0,2.0,0.23,0.88,0.75,0.81,0.92,0.83,0.86,1.0,2.0,2.0,2.0,13.0,6.38,0.87,0.71,0.72,0.98,0.76,0.83,2.0,6.0,3.0,3.0,3.18,0.8,0.57,0.59,0.95,0.64,0.73,2.0,6.0,3.0,3.0,0.16,0.77,0.55,0.84,0.71,0.81,0.77,13.0,56.0,7.0,4.31,,,,,,0.0,0.45,0.0,1.0,0.45,0.81,0.62,0.0,0.0,0.0,0.0,0.0,0.55,0.0,0.0,1.0,0.0,0.0,0.0,0.0,0.0,0.0,13,0.74,0.45,0.0,1.0,0.45,0.81,0.62,631.0,1815.0,3.0,2.88,0.48,0.57,0.2,1.0,0.51,0.84,0.68,358.0,1023.0,3.0,2.86,0.23,0.76,0.56,0.94,0.67,0.87,0.78,101.0,284.0,3.0,2.81,0.16,0.45,0.0,1.0,0.45,0.81,0.62,129.0,376.0,3.0,2.91,0.1,0.71,0.46,0.97,0.61,0.87,0.75,74.0,215.0,3.0,2.91,0.05,0.82,0.66,0.91,0.75,0.88,0.82,23.0,66.0,3.0,2.87,0.01,0.51,0.1,0.96,0.48,0.8,0.64,6.0,18.0,3.0,3.0,0.01,0.74,0.48,0.75,0.69,0.74,0.72,3.0,9.0,3.0,3.0,-1.0,,,,,,13.03,0.76,0.56,0.94,0.67,0.87,0.78,101.0,284.0,3.0,2.81,64.53,0.82,0.65,0.83,0.79,0.82,0.81,8.0,24.0,3.0,3.0,,,,,,0.42,0.76,0.52,0.77,0.69,0.75,0.73,4.0,6.0,2.0,1.5,1.87,0.61,0.32,1.0,0.52,0.84,0.68,25,37,3,1.48,181.5,0.42,0.0,1.0,0.42,0.78,0.59,224,385,3,1.72
